bin_index,R,planned_base_exposure,delivered_base_exposure
0,-3.0,0.0,0.0
1,-2.9914285714285715,0.0,0.0
2,-2.9828571428571427,0.0,0.0
3,-2.974285714285714,0.0,0.0
4,-2.9657142857142857,0.0,0.0
5,-2.9571428571428573,0.0,0.0
6,-2.9485714285714284,0.0,0.0
7,-2.94,0.0,0.0
8,-2.9314285714285715,0.0,0.0
9,-2.922857142857143,0.0,0.0
10,-2.914285714285714,0.0,0.0
11,-2.9057142857142857,0.0,0.0
12,-2.8971428571428572,0.0,0.0
13,-2.888571428571429,0.0,0.0
14,-2.88,0.0,0.0
15,-2.8714285714285714,0.0,0.0
16,-2.862857142857143,0.0,0.0
17,-2.854285714285714,0.0,0.0
18,-2.8457142857142856,0.0,0.0
19,-2.837142857142857,0.0,0.0
20,-2.8285714285714287,0.0,0.0
21,-2.82,0.0,0.0
22,-2.8114285714285714,0.0,0.0
23,-2.802857142857143,0.0,0.0
24,-2.7942857142857145,0.0,0.0
25,-2.7857142857142856,0.0,0.0
26,-2.777142857142857,0.0,0.0
27,-2.7685714285714287,0.0,0.0
28,-2.76,0.0,0.0
29,-2.7514285714285713,0.0,0.0
30,-2.742857142857143,0.0,0.0
31,-2.7342857142857144,0.0,0.0
32,-2.7257142857142855,0.0,0.0
33,-2.717142857142857,0.0,0.0
34,-2.7085714285714286,0.0,0.0
35,-2.7,0.0,0.0
36,-2.6914285714285713,0.0,0.0
37,-2.682857142857143,0.0,0.0
38,-2.6742857142857144,0.0,0.0
39,-2.6657142857142855,0.0,0.0
40,-2.657142857142857,0.0,0.0
41,-2.6485714285714286,0.0,0.0
42,-2.64,0.0,0.0
43,-2.6314285714285712,0.0,0.0
44,-2.6228571428571428,0.0,0.0
45,-2.6142857142857143,0.0,0.0
46,-2.605714285714286,0.0,0.0
47,-2.597142857142857,0.0,0.0
48,-2.5885714285714285,0.0,0.0
49,-2.58,0.0,0.0
50,-2.571428571428571,0.0,0.0
51,-2.5628571428571427,0.0,0.0
52,-2.5542857142857143,0.0,0.0
53,-2.545714285714286,0.0,0.0
54,-2.5371428571428574,0.0,0.0
55,-2.5285714285714285,0.0,0.0
56,-2.52,0.0,0.0
57,-2.5114285714285716,0.0,0.0
58,-2.5028571428571427,0.0,0.0
59,-2.494285714285714,0.0,0.0
60,-2.4857142857142858,0.0,0.0
61,-2.477142857142857,0.0,0.0
62,-2.4685714285714284,0.0,0.0
63,-2.46,0.0,0.0
64,-2.4514285714285715,0.0,0.0
65,-2.442857142857143,0.0,0.0
66,-2.434285714285714,0.0,0.0
67,-2.4257142857142857,0.0,0.0
68,-2.4171428571428573,0.0,0.0
69,-2.4085714285714284,0.0,0.0
70,-2.4,0.0,0.0
71,-2.3914285714285715,0.0,0.0
72,-2.3828571428571426,0.0,0.0
73,-2.374285714285714,0.0,0.0
74,-2.3657142857142857,0.0,0.0
75,-2.357142857142857,0.0,0.0
76,-2.3485714285714288,0.0,0.0
77,-2.34,0.0,0.0
78,-2.3314285714285714,0.0,0.0
79,-2.322857142857143,0.0,0.0
80,-2.314285714285714,0.0,0.0
81,-2.3057142857142856,0.0,0.0
82,-2.297142857142857,0.0,0.0
83,-2.2885714285714287,0.0,0.0
84,-2.28,0.0,0.0
85,-2.2714285714285714,0.0,0.0
86,-2.262857142857143,0.0,0.0
87,-2.2542857142857144,0.0,0.0
88,-2.2457142857142856,0.0,0.0
89,-2.237142857142857,0.0,0.0
90,-2.2285714285714286,0.0,0.0
91,-2.2199999999999998,0.0,0.0
92,-2.2114285714285713,0.0,0.0
93,-2.202857142857143,0.0,0.0
94,-2.1942857142857144,0.0,0.0
95,-2.185714285714286,0.0,0.0
96,-2.177142857142857,0.0,0.0
97,-2.1685714285714286,0.0,0.0
98,-2.16,0.0,0.0
99,-2.1514285714285712,0.0,0.0
100,-2.142857142857143,0.0,0.0
101,-2.1342857142857143,0.0,0.0
102,-2.1257142857142854,0.0,0.0
103,-2.117142857142857,0.0,0.0
104,-2.1085714285714285,0.0,0.0
105,-2.1,0.0,0.0
106,-2.0914285714285716,0.0,0.0
107,-2.0828571428571427,0.0,0.0
108,-2.0742857142857143,0.0,0.0
109,-2.065714285714286,0.0,0.0
110,-2.057142857142857,0.0,0.0
111,-2.0485714285714285,0.0,0.0
112,-2.04,0.0,0.0
113,-2.031428571428571,0.0,0.0
114,-2.0228571428571427,0.0,0.0
115,-2.0142857142857142,0.0,0.0
116,-2.005714285714286,0.0,0.0
117,-1.997142857142857,0.0,0.0
118,-1.9885714285714284,0.0,0.0
119,-1.98,0.0,0.0
120,-1.9714285714285713,0.0,0.0
121,-1.9628571428571429,0.0,0.0
122,-1.9542857142857142,0.0,0.0
123,-1.9457142857142857,0.0,0.0
124,-1.937142857142857,0.0,0.0
125,-1.9285714285714286,0.0,0.0
126,-1.92,0.0,0.0
127,-1.9114285714285715,0.0,0.0
128,-1.9028571428571428,0.0,0.0
129,-1.8942857142857141,0.0,0.0
130,-1.8857142857142857,0.0,0.0
131,-1.877142857142857,0.0,0.0
132,-1.8685714285714285,0.0,0.0
133,-1.8599999999999999,0.0,0.0
134,-1.8514285714285714,0.0,0.0
135,-1.8428571428571427,0.0,0.0
136,-1.8342857142857143,0.0,0.0
137,-1.8257142857142856,0.0,0.0
138,-1.8171428571428572,0.0,0.0
139,-1.8085714285714285,0.0,0.0
140,-1.8,0.0,0.0
141,-1.7914285714285714,0.0,0.0
142,-1.7828571428571427,0.0,0.0
143,-1.7742857142857142,0.0,0.0
144,-1.7657142857142856,0.0,0.0
145,-1.7571428571428571,0.0,0.0
146,-1.7485714285714284,0.0,0.0
147,-1.74,0.0,0.0
148,-1.7314285714285713,0.0,0.0
149,-1.7228571428571429,0.0,0.0
150,-1.7142857142857142,0.0,0.0
151,-1.7057142857142857,0.0,0.0
152,-1.697142857142857,0.0,0.0
153,-1.6885714285714286,0.0,0.0
154,-1.68,0.0,0.0
155,-1.6714285714285713,0.0,0.0
156,-1.6628571428571428,0.0,0.0
157,-1.6542857142857141,0.0,0.0
158,-1.6457142857142857,0.0,0.0
159,-1.637142857142857,0.0,0.0
160,-1.6285714285714286,0.0,0.0
161,-1.6199999999999999,0.0,0.0
162,-1.6114285714285714,0.0,0.0
163,-1.6028571428571428,0.0,0.0
164,-1.5942857142857143,0.0,0.0
165,-1.5857142857142856,0.0,0.0
166,-1.5771428571428572,0.0,0.0
167,-1.5685714285714285,0.0,0.0
168,-1.5599999999999998,0.0,0.0
169,-1.5514285714285714,0.0,0.0
170,-1.5428571428571427,0.0,0.0
171,-1.5342857142857143,0.0,0.0
172,-1.5257142857142856,0.0,0.0
173,-1.5171428571428571,0.0,0.0
174,-1.5085714285714285,0.0,0.0
175,-1.5,0.0,0.0
176,-1.4914285714285713,0.0,0.0
177,-1.4828571428571429,0.0,0.0
178,-1.4742857142857142,0.0,0.0
179,-1.4657142857142857,0.0,0.0
180,-1.457142857142857,0.0,0.0
181,-1.4485714285714284,0.0,0.0
182,-1.44,0.0,0.0
183,-1.4314285714285713,0.0,0.0
184,-1.4228571428571428,0.0,0.0
185,-1.4142857142857141,0.0,0.0
186,-1.4057142857142857,0.0,0.0
187,-1.397142857142857,0.0,0.0
188,-1.3885714285714286,0.0,0.0
189,-1.38,0.0,0.0
190,-1.3714285714285714,0.0,0.0
191,-1.3628571428571428,0.0,0.0
192,-1.354285714285714,0.0,0.0
193,-1.3457142857142856,0.0,0.0
194,-1.337142857142857,0.0,0.0
195,-1.3285714285714285,0.0,0.0
196,-1.3199999999999998,0.0,0.0
197,-1.3114285714285714,0.0,0.0
198,-1.3028571428571427,0.0,0.0
199,-1.2942857142857143,0.0,0.0
200,-1.2857142857142856,0.0,0.0
201,-1.2771428571428571,0.0,0.0
202,-1.2685714285714285,0.0,0.0
203,-1.26,0.0,0.0
204,-1.2514285714285713,0.0,0.0
205,-1.2428571428571427,0.0,0.0
206,-1.2342857142857142,0.0,0.0
207,-1.2257142857142855,0.0,0.0
208,-1.217142857142857,0.0,0.0
209,-1.2085714285714284,0.0,0.0
210,-1.2,0.0,0.0
211,-1.1914285714285713,0.0,0.0
212,-1.1828571428571428,0.0,0.0
213,-1.1742857142857142,0.0,0.0
214,-1.1657142857142857,0.0,0.0
215,-1.157142857142857,0.0,0.0
216,-1.1485714285714286,0.0,0.0
217,-1.14,0.0,0.0
218,-1.1314285714285712,0.0,0.0
219,-1.1228571428571428,0.0,0.0
220,-1.114285714285714,0.0,0.0
221,-1.1057142857142856,0.0,0.0
222,-1.097142857142857,0.0,0.0
223,-1.0885714285714285,0.0,0.0
224,-1.0799999999999998,0.0,0.0
225,-1.0714285714285714,0.0,0.0
226,-1.0628571428571427,0.0,0.0
227,-1.0542857142857143,0.0,0.0
228,-1.0457142857142856,0.0,0.0
229,-1.0371428571428571,0.0,0.0
230,-1.0285714285714285,0.0,0.0
231,-1.0199999999999998,0.0,0.0
232,-1.0114285714285713,0.0,0.0
233,-1.0028571428571427,0.0,0.0
234,-0.9942857142857142,0.0,0.0
235,-0.9857142857142858,0.0,0.0
236,-0.9771428571428569,0.0,0.0
237,-0.9685714285714284,0.06666666666666665,0.0666666666666664
238,-0.96,0.1333333333333333,0.1333333333333328
239,-0.9514285714285715,0.19999999999999996,0.20000000000000098
240,-0.9428571428571426,0.2666666666666666,0.2666666666666656
241,-0.9342857142857142,0.33333333333333326,0.33333333333333265
242,-0.9257142857142857,0.4,0.40000000000000197
243,-0.9171428571428573,0.4666666666666667,0.4666666666666682
244,-0.9085714285714284,0.5333333333333333,0.5333333333333318
245,-0.8999999999999999,0.6,0.5999999999999963
246,-0.8914285714285715,0.6666666666666666,0.6666666666666654
247,-0.8828571428571426,0.7333333333333333,0.7333333333333286
248,-0.8742857142857141,0.8,0.8000000000000039
249,-0.8657142857142857,0.8666666666666667,0.8666666666666685
250,-0.8571428571428572,0.9333333333333333,0.9333333333333363
251,-0.8485714285714283,1.0,1.0
252,-0.8399999999999999,0.9333333333333333,0.9333333333333363
253,-0.8314285714285714,0.8666666666666667,0.8666666666666685
254,-0.822857142857143,0.8,0.8000000000000039
255,-0.8142857142857141,0.7333333333333334,0.7333333333333286
256,-0.8057142857142856,0.6666666666666667,0.6666666666666654
257,-0.7971428571428572,0.6000000000000001,0.5999999999999963
258,-0.7885714285714283,0.5333333333333334,0.5333333333333318
259,-0.7799999999999998,0.4666666666666668,0.46666666666666884
260,-0.7714285714285714,0.3999999999999999,0.40000000000000197
261,-0.7628571428571429,0.33333333333333326,0.33333333333333265
262,-0.754285714285714,0.2666666666666666,0.2666666666666656
263,-0.7457142857142856,0.19999999999999996,0.20000000000000098
264,-0.7371428571428571,0.1333333333333333,0.1333333333333328
265,-0.7285714285714286,0.06666666666666665,0.0666666666666664
266,-0.7199999999999998,0.0,0.0
267,-0.7114285714285713,0.0,0.0
268,-0.7028571428571428,0.0,0.0
269,-0.694285714285714,0.0,0.0
270,-0.6857142857142855,0.0,0.0
271,-0.677142857142857,0.0,0.0
272,-0.6685714285714286,0.0,0.0
273,-0.6599999999999997,0.0,0.0
274,-0.6514285714285712,0.0,0.0
275,-0.6428571428571428,0.0,0.0
276,-0.6342857142857143,0.0,0.0
277,-0.6257142857142854,0.0,0.0
278,-0.617142857142857,0.0,0.0
279,-0.6085714285714285,0.0,0.0
280,-0.6000000000000001,0.0,0.0
281,-0.5914285714285712,0.0,0.0
282,-0.5828571428571427,0.0,0.0
283,-0.5742857142857143,0.0,0.0
284,-0.5657142857142854,0.0,0.0
285,-0.5571428571428569,0.0,0.0
286,-0.5485714285714285,0.0,0.0
287,-0.54,0.0,0.0
288,-0.5314285714285711,0.0,0.0
289,-0.5228571428571427,0.0,0.0
290,-0.5142857142857142,0.0,0.0
291,-0.5057142857142858,0.0,0.0
292,-0.4971428571428569,0.0,0.0
293,-0.48857142857142843,0.0,0.0
294,-0.48,0.0,0.0
295,-0.4714285714285711,0.0,0.0
296,-0.46285714285714263,0.0,0.0
297,-0.4542857142857142,0.0,0.0
298,-0.44571428571428573,0.0,0.0
299,-0.43714285714285683,0.0,0.0
300,-0.4285714285714284,0.0,0.0
301,-0.41999999999999993,0.0,0.0
302,-0.4114285714285715,0.0,0.0
303,-0.4028571428571426,0.0,0.0
304,-0.39428571428571413,0.0,0.0
305,-0.3857142857142857,0.0,0.0
306,-0.3771428571428572,0.0,0.0
307,-0.36857142857142833,0.0,0.0
308,-0.3599999999999999,0.0,0.0
309,-0.3514285714285714,0.0,0.0
310,-0.3428571428571425,0.0,0.0
311,-0.3342857142857141,0.0,0.0
312,-0.3257142857142856,0.0,0.0
313,-0.31714285714285717,0.0,0.0
314,-0.3085714285714283,0.0,0.0
315,-0.2999999999999998,0.0,0.0
316,-0.29142857142857137,0.0,0.0
317,-0.2828571428571429,0.0,0.0
318,-0.274285714285714,0.0,0.0
319,-0.26571428571428557,0.0,0.0
320,-0.2571428571428571,0.0,0.0
321,-0.24857142857142822,0.0,0.0
322,-0.23999999999999977,0.0,0.0
323,-0.23142857142857132,0.0,0.0
324,-0.22285714285714286,0.0,0.0
325,-0.21428571428571397,0.0,0.0
326,-0.20571428571428552,0.0,0.0
327,-0.19714285714285706,0.0,0.0
328,-0.1885714285714286,0.0,0.0
329,-0.17999999999999972,0.0,0.0
330,-0.17142857142857126,0.0,0.0
331,-0.1628571428571428,0.0,0.0
332,-0.15428571428571436,0.0,0.0
333,-0.14571428571428546,0.0,0.0
334,-0.137142857142857,0.0,0.0
335,-0.12857142857142856,0.0,0.0
336,-0.11999999999999966,0.0,0.0
337,-0.11142857142857121,0.0,0.0
338,-0.10285714285714276,0.0,0.0
339,-0.0942857142857143,0.0,0.0
340,-0.08571428571428541,0.0,0.0
341,-0.07714285714285696,0.0,0.0
342,-0.0685714285714285,0.0,0.0
343,-0.06000000000000005,0.0,0.0
344,-0.05142857142857116,0.0,0.0
345,-0.042857142857142705,0.0,0.0
346,-0.03428571428571425,0.0,0.0
347,-0.025714285714285356,0.0,0.0
348,-0.017142857142856904,0.0,0.0
349,-0.008571428571428452,0.0,0.0
350,0.0,0.0,0.0
351,0.008571428571428896,0.0,0.0
352,0.01714285714285735,0.0,0.0
353,0.0257142857142858,0.0,0.0
354,0.03428571428571425,0.0,0.0
355,0.04285714285714315,0.0,0.0
356,0.0514285714285716,0.0,0.0
357,0.06000000000000005,0.0,0.0
358,0.0685714285714285,0.0,0.0
359,0.0771428571428574,0.0,0.0
360,0.08571428571428585,0.0,0.0
361,0.0942857142857143,0.0,0.0
362,0.1028571428571432,0.0,0.0
363,0.11142857142857165,0.0,0.0
364,0.1200000000000001,0.0,0.0
365,0.12857142857142856,0.0,0.0
366,0.13714285714285745,0.0,0.0
367,0.1457142857142859,0.0,0.0
368,0.15428571428571436,0.0,0.0
369,0.1628571428571428,0.0,0.0
370,0.1714285714285717,0.0,0.0
371,0.18000000000000016,0.0,0.0
372,0.1885714285714286,0.0,0.0
373,0.1971428571428575,0.0,0.0
374,0.20571428571428596,0.0,0.0
375,0.2142857142857144,0.0,0.0
376,0.22285714285714286,0.0,0.0
377,0.23142857142857176,0.0,0.0
378,0.2400000000000002,0.0,0.0
379,0.24857142857142867,0.0,0.0
380,0.2571428571428571,0.0,0.0
381,0.265714285714286,0.0,0.0
382,0.27428571428571447,0.0,0.0
383,0.2828571428571429,0.0,0.0
384,0.2914285714285718,0.0,0.0
385,0.30000000000000027,0.0,0.0
386,0.3085714285714287,0.0,0.0
387,0.31714285714285717,0.0,0.0
388,0.32571428571428607,0.0,0.0
389,0.3342857142857145,0.0,0.0
390,0.34285714285714297,0.0,0.0
391,0.3514285714285714,0.0,0.0
392,0.3600000000000003,0.0,0.0
393,0.36857142857142877,0.0,0.0
394,0.3771428571428572,0.0,0.0
395,0.3857142857142857,0.0,0.0
396,0.3942857142857146,0.0,0.0
397,0.402857142857143,0.0,0.0
398,0.4114285714285715,0.0,0.0
399,0.4200000000000004,0.0,0.0
400,0.4285714285714288,0.0,0.0
401,0.4371428571428573,0.0,0.0
402,0.44571428571428573,0.0,0.0
403,0.4542857142857146,0.0,0.0
404,0.4628571428571431,0.0,0.0
405,0.47142857142857153,0.0,0.0
406,0.48,0.0,0.0
407,0.4885714285714289,0.0,0.0
408,0.49714285714285733,0.0,0.0
409,0.5057142857142858,0.0,0.0
410,0.5142857142857147,0.0,0.0
411,0.5228571428571431,0.0,0.0
412,0.5314285714285716,0.0,0.0
413,0.54,0.0,0.0
414,0.5485714285714289,0.0,0.0
415,0.5571428571428574,0.0,0.0
416,0.5657142857142858,0.0,0.0
417,0.5742857142857143,0.0,0.0
418,0.5828571428571432,0.0,0.0
419,0.5914285714285716,0.0,0.0
420,0.6000000000000001,0.0,0.0
421,0.6085714285714285,0.0,0.0
422,0.6171428571428574,0.0,0.0
423,0.6257142857142859,0.0,0.0
424,0.6342857142857143,0.0,0.0
425,0.6428571428571432,0.0,0.0
426,0.6514285714285717,0.0,0.0
427,0.6600000000000001,0.0,0.0
428,0.6685714285714286,0.0,0.0
429,0.6771428571428575,0.0,0.0
430,0.6857142857142859,0.0,0.0
431,0.6942857142857144,0.0,0.0
432,0.7028571428571428,0.0,0.0
433,0.7114285714285717,0.0,0.0
434,0.7200000000000002,0.0,0.0
435,0.7285714285714286,0.0,0.0
436,0.7371428571428575,0.0,0.0
437,0.745714285714286,0.0,0.0
438,0.7542857142857144,0.0,0.0
439,0.7628571428571429,0.0,0.0
440,0.7714285714285718,0.0,0.0
441,0.7800000000000002,0.0,0.0
442,0.7885714285714287,0.0,0.0
443,0.7971428571428572,0.0,0.0
444,0.805714285714286,0.0,0.0
445,0.8142857142857145,0.0,0.0
446,0.822857142857143,0.0,0.0
447,0.8314285714285714,0.0,0.0
448,0.8400000000000003,0.0,0.0
449,0.8485714285714288,0.0,0.0
450,0.8571428571428572,0.0,0.0
451,0.8657142857142861,0.0,0.0
452,0.8742857142857146,0.0,0.0
453,0.882857142857143,0.0,0.0
454,0.8914285714285715,0.0,0.0
455,0.9000000000000004,0.0,0.0
456,0.9085714285714288,0.0,0.0
457,0.9171428571428573,0.0,0.0
458,0.9257142857142857,0.0,0.0
459,0.9342857142857146,0.0,0.0
460,0.9428571428571431,0.0,0.0
461,0.9514285714285715,0.0,0.0
462,0.9600000000000004,0.0,0.0
463,0.9685714285714289,0.0,0.0
464,0.9771428571428573,0.0,0.0
465,0.9857142857142858,0.0,0.0
466,0.9942857142857147,0.0,0.0
467,1.0028571428571427,0.0,0.0
468,1.0114285714285716,0.0,0.0
469,1.0200000000000005,0.0,0.0
470,1.0285714285714285,0.0,0.0
471,1.0371428571428574,0.0,0.0
472,1.0457142857142863,0.0,0.0
473,1.0542857142857143,0.0,0.0
474,1.0628571428571432,0.0,0.0
475,1.071428571428572,0.0,0.0
476,1.08,0.0,0.0
477,1.088571428571429,0.0,0.0
478,1.097142857142857,0.0,0.0
479,1.1057142857142859,0.0,0.0
480,1.1142857142857148,0.0,0.0
481,1.1228571428571428,0.0,0.0
482,1.1314285714285717,0.0,0.0
483,1.1400000000000006,0.0,0.0
484,1.1485714285714286,1.0,1.0
485,1.1571428571428575,1.0487514863258027,1.0487514863258154
486,1.1657142857142855,1.0984542211652795,1.0984542211652797
487,1.1742857142857144,1.1491082045184304,1.1491082045184422
488,1.1828571428571433,1.2007134363852559,1.200713436385243
489,1.1914285714285713,1.253269916765755,1.2532699167657542
490,1.2000000000000002,1.3067776456599285,1.3067776456599338
491,1.208571428571429,1.3612366230677764,1.3612366230677846
492,1.217142857142857,1.4166468489892985,1.4166468489892785
493,1.225714285714286,1.4730083234244946,1.4730083234244717
494,1.2342857142857149,1.5303210463733652,1.5303210463733916
495,1.2428571428571429,1.5885850178359098,1.5885850178359053
496,1.2514285714285718,1.6478002378121281,1.647800237812117
497,1.2599999999999998,1.7079667063020212,1.7079667063020434
498,1.2685714285714287,1.7690844233055887,1.769084423305603
499,1.2771428571428576,1.8311533888228295,1.8311533888228149
500,1.2857142857142856,1.894173602853746,1.8941736028537184
501,1.2942857142857145,1.958145065398335,1.9581450653983539
502,1.3028571428571434,2.0230677764565996,2.023067776456603
503,1.3114285714285714,2.0889417360285374,2.088941736028511
504,1.3200000000000003,2.1557669441141503,2.1557669441141956
505,1.3285714285714292,2.223543400713436,2.2235434007134653
506,1.3371428571428572,2.292271105826397,2.2922711058263876
507,1.345714285714286,2.361950059453032,2.3619500594530014
508,1.354285714285714,2.432580261593341,2.432580261593347
509,1.362857142857143,2.5041617122473245,2.504161712247308
510,1.3714285714285719,2.5766944114149823,2.5766944114149966
511,1.38,2.650178359096314,2.6501783590963073
512,1.3885714285714288,2.724613555291319,2.724613555291344
513,1.3971428571428577,2.8000000000000003,2.8000000000000003
514,1.4057142857142857,2.8763376932223537,2.8763376932223266
515,1.4142857142857146,2.9536266349583826,2.9536266349583786
516,1.4228571428571435,3.031866825208085,3.0318668252080494
517,1.4314285714285715,3.1110582639714637,3.111058263971511
518,1.4400000000000004,3.1912009512485136,3.1912009512485375
519,1.4485714285714284,3.2722948870392394,3.2722948870392834
520,1.4571428571428573,3.354340071343638,3.354340071343649
521,1.4657142857142862,3.4373365041617125,3.437336504161675
522,1.4742857142857142,3.52128418549346,3.521284185493388
523,1.482857142857143,3.6061831153388835,3.6061831153388346
524,1.491428571428572,3.6920332936979787,3.6920332936980653
525,1.5,3.778834720570749,3.778834720570802
526,1.508571428571429,3.8665873959571937,3.866587395957257
527,1.5171428571428578,3.955291319857313,3.955291319857338
528,1.5257142857142858,4.044946492271106,4.044946492271082
529,1.5342857142857147,4.135552913198572,4.135552913198507
530,1.5428571428571427,4.227110582639715,4.22711058263965
531,1.5514285714285716,4.31961950059453,4.319619500594417
532,1.5600000000000005,4.413079667063021,4.413079667063053
533,1.5685714285714285,4.507491082045184,4.507491082045218
534,1.5771428571428574,4.602853745541023,4.602853745541013
535,1.5857142857142863,4.699167657550535,4.69916765755059
536,1.5942857142857143,4.796432818073723,4.796432818073734
537,1.6028571428571432,4.894649227110582,4.8946492271105955
538,1.611428571428572,4.993816884661118,4.993816884661094
539,1.62,5.093935790725327,5.093935790725435
540,1.628571428571429,5.19500594530321,5.195005945303272
541,1.637142857142857,5.297027348394768,5.297027348394816
542,1.645714285714286,5.4,5.400000000000001
543,1.6542857142857148,0.0,0.0
544,1.6628571428571428,0.0,0.0
545,1.6714285714285717,0.0,0.0
546,1.6800000000000006,0.0,0.0
547,1.6885714285714286,0.0,0.0
548,1.6971428571428575,0.0,0.0
549,1.7057142857142855,0.0,0.0
550,1.7142857142857144,0.0,0.0
551,1.7228571428571433,0.0,0.0
552,1.7314285714285713,0.0,0.0
553,1.7400000000000002,0.0,0.0
554,1.748571428571429,0.0,0.0
555,1.7571428571428571,0.0,0.0
556,1.765714285714286,0.0,0.0
557,1.774285714285715,0.0,0.0
558,1.782857142857143,0.0,0.0
559,1.7914285714285718,0.0,0.0
560,1.7999999999999998,0.0,0.0
561,1.8085714285714287,0.0,0.0
562,1.8171428571428576,0.0,0.0
563,1.8257142857142856,0.0,0.0
564,1.8342857142857145,0.0,0.0
565,1.8428571428571434,0.0,0.0
566,1.8514285714285714,0.0,0.0
567,1.8600000000000003,0.0,0.0
568,1.8685714285714292,0.0,0.0
569,1.8771428571428572,0.0,0.0
570,1.8857142857142861,0.0,0.0
571,1.8942857142857141,0.0,0.0
572,1.902857142857143,0.0,0.0
573,1.911428571428572,0.0,0.0
574,1.92,0.0,0.0
575,1.9285714285714288,0.0,0.0
576,1.9371428571428577,0.0,0.0
577,1.9457142857142857,0.0,0.0
578,1.9542857142857146,0.0,0.0
579,1.9628571428571435,0.0,0.0
580,1.9714285714285715,0.0,0.0
581,1.9800000000000004,0.0,0.0
582,1.9885714285714284,0.0,0.0
583,1.9971428571428573,0.0,0.0
584,2.0057142857142862,0.0,0.0
585,2.0142857142857142,0.0,0.0
586,2.022857142857143,0.0,0.0
587,2.031428571428572,0.0,0.0
588,2.04,0.0,0.0
589,2.048571428571429,0.0,0.0
590,2.057142857142858,0.0,0.0
591,2.065714285714286,0.0,0.0
592,2.0742857142857147,0.0,0.0
593,2.0828571428571427,0.0,0.0
594,2.0914285714285716,0.0,0.0
595,2.1000000000000005,0.0,0.0
596,2.1085714285714285,0.0,0.0
597,2.1171428571428574,0.0,0.0
598,2.1257142857142863,0.0,0.0
599,2.1342857142857143,0.0,0.0
600,2.1428571428571432,0.0,0.0
601,2.1514285714285712,0.0,0.0
602,2.16,0.0,0.0
603,2.168571428571429,0.0,0.0
604,2.177142857142857,0.0,0.0
605,2.185714285714286,0.0,0.0
606,2.194285714285715,0.0,0.0
607,2.202857142857143,0.0,0.0
608,2.2114285714285717,0.0,0.0
609,2.2200000000000006,0.0,0.0
610,2.2285714285714286,0.0,0.0
611,2.2371428571428575,0.0,0.0
612,2.2457142857142856,0.0,0.0
613,2.2542857142857144,0.0,0.0
614,2.2628571428571433,0.0,0.0
615,2.2714285714285714,0.0,0.0
616,2.2800000000000002,0.0,0.0
617,2.288571428571429,0.0,0.0
618,2.297142857142857,0.0,0.0
619,2.305714285714286,0.0,0.0
620,2.314285714285715,0.0,0.0
621,2.322857142857143,0.0,0.0
622,2.331428571428572,0.0,0.0
623,2.34,0.0,0.0
624,2.3485714285714288,0.0,0.0
625,2.3571428571428577,0.0,0.0
626,2.3657142857142857,0.0,0.0
627,2.3742857142857146,0.0,0.0
628,2.3828571428571435,0.0,0.0
629,2.3914285714285715,0.0,0.0
630,2.4000000000000004,0.0,0.0
631,2.4085714285714293,0.0,0.0
632,2.4171428571428573,0.0,0.0
633,2.425714285714286,0.0,0.0
634,2.434285714285714,0.0,0.0
635,2.442857142857143,0.0,0.0
636,2.451428571428572,0.0,0.0
637,2.46,0.0,0.0
638,2.468571428571429,0.0,0.0
639,2.4771428571428578,0.0,0.0
640,2.4857142857142858,0.0,0.0
641,2.4942857142857147,0.0,0.0
642,2.5028571428571436,0.0,0.0
643,2.5114285714285716,0.0,0.0
644,2.5200000000000005,0.0,0.0
645,2.5285714285714285,0.0,0.0
646,2.5371428571428574,0.0,0.0
647,2.5457142857142863,0.0,0.0
648,2.5542857142857143,0.0,0.0
649,2.562857142857143,0.0,0.0
650,2.571428571428572,0.0,0.0
651,2.58,0.0,0.0
652,2.588571428571429,0.0,0.0
653,2.597142857142858,0.0,0.0
654,2.605714285714286,0.0,0.0
655,2.6142857142857148,0.0,0.0
656,2.6228571428571428,0.0,0.0
657,2.6314285714285717,0.0,0.0
658,2.6400000000000006,0.0,0.0
659,2.6485714285714286,0.0,0.0
660,2.6571428571428575,0.0,0.0
661,2.6657142857142864,0.0,0.0
662,2.6742857142857144,0.0,0.0
663,2.6828571428571433,0.0,0.0
664,2.6914285714285713,0.0,0.0
665,2.7,0.0,0.0
666,2.708571428571429,0.0,0.0
667,2.717142857142857,0.0,0.0
668,2.725714285714286,0.0,0.0
669,2.734285714285715,0.0,0.0
670,2.742857142857143,0.0,0.0
671,2.751428571428572,0.0,0.0
672,2.7600000000000007,0.0,0.0
673,2.7685714285714287,0.0,0.0
674,2.7771428571428576,0.0,0.0
675,2.7857142857142856,0.0,0.0
676,2.7942857142857145,0.0,0.0
677,2.8028571428571434,0.0,0.0
678,2.8114285714285714,0.0,0.0
679,2.8200000000000003,0.0,0.0
680,2.828571428571429,0.0,0.0
681,2.837142857142857,0.0,0.0
682,2.845714285714286,0.0,0.0
683,2.854285714285715,0.0,0.0
684,2.862857142857143,0.0,0.0
685,2.871428571428572,0.0,0.0
686,2.88,0.0,0.0
687,2.888571428571429,0.0,0.0
688,2.8971428571428577,0.0,0.0
689,2.9057142857142857,0.0,0.0
690,2.9142857142857146,0.0,0.0
691,2.9228571428571435,0.0,0.0
692,2.9314285714285715,0.0,0.0
693,2.9400000000000004,0.0,0.0
694,2.9485714285714293,0.0,0.0
695,2.9571428571428573,0.0,0.0
696,2.965714285714286,0.0,0.0
697,2.974285714285714,0.0,0.0
698,2.982857142857143,0.0,0.0
699,2.991428571428572,0.0,0.0
700,3.0,0.0,0.0
