simulation_time,program_time,monitor_R,Iplus,Iminus,P,Q,active_bins,max_base_rate
0.0,0.0,-0.85,0.14804336991988787,0.2695136362317616,0.4499999999999989,0.158125954360613,0,0.0
0.009,0.009,-0.85,0.14804336991988787,0.26951363623176156,0.44999999999999885,0.15812595436061302,0,0.0
0.018,0.018,-0.85,0.14804336991988787,0.2695136362317615,0.44999999999999885,0.15812595436061302,0,0.0
0.027000000000000007,0.027000000000000007,-0.85,0.14804336991988787,0.2695136362317615,0.44999999999999885,0.15812595436061302,0,0.0
0.03600000000000001,0.03600000000000001,-0.85,0.14804336991988787,0.2695136362317615,0.44999999999999885,0.15812595436061302,0,0.0
0.04500000000000002,0.04500000000000002,-0.85,0.14804336991988787,0.2695136362317615,0.44999999999999885,0.15812595436061302,0,0.0
0.05400000000000003,0.05400000000000003,-0.85,0.14804336991988787,0.2695136362317615,0.44999999999999885,0.15812595436061302,0,0.0
0.06300000000000003,0.06300000000000003,-0.85,0.14804336991988787,0.2695136362317615,0.44999999999999885,0.15812595436061302,0,0.0
0.07200000000000004,0.07200000000000004,-0.85,0.14804336991988787,0.2695136362317615,0.44999999999999885,0.15812595436061302,0,0.0
0.08100000000000004,0.08100000000000004,-0.85,0.14804336991988787,0.2695136362317615,0.44999999999999885,0.15812595436061302,0,0.0
0.09000000000000005,0.09000000000000005,-0.85,0.14804336991988787,0.2695136362317615,0.44999999999999885,0.15812595436061302,0,0.0
0.09900000000000006,0.09900000000000006,-0.85,0.14804336991988787,0.2695136362317615,0.44999999999999885,0.15812595436061302,0,0.0
0.10800000000000007,0.10800000000000007,-0.85,0.14804336991988787,0.2695136362317615,0.44999999999999885,0.15812595436061302,0,0.0
0.11700000000000008,0.11700000000000008,-0.85,0.14804336991988787,0.2695136362317615,0.44999999999999885,0.15812595436061302,0,0.0
0.12600000000000008,0.12600000000000008,-0.85,0.14804336991988787,0.2695136362317615,0.44999999999999885,0.15812595436061302,0,0.0
0.1350000000000001,0.1350000000000001,-0.85,0.14804336991988787,0.2695136362317615,0.44999999999999885,0.15812595436061302,0,0.0
0.1440000000000001,0.1440000000000001,-0.85,0.14804336991988787,0.2695136362317615,0.44999999999999885,0.15812595436061302,0,0.0
0.1530000000000001,0.1530000000000001,-0.85,0.14804336991988787,0.2695136362317615,0.44999999999999885,0.15812595436061302,0,0.0
0.16200000000000012,0.16200000000000012,-0.85,0.14804336991988787,0.2695136362317615,0.44999999999999885,0.15812595436061302,0,0.0
0.17100000000000012,0.17100000000000012,-0.85,0.14804336991988787,0.2695136362317615,0.44999999999999885,0.15812595436061302,0,0.0
0.18000000000000013,0.18000000000000013,-0.85,0.14804336991988787,0.2695136362317615,0.44999999999999885,0.15812595436061302,0,0.0
0.18900000000000014,0.18900000000000014,-0.85,0.14804336991988787,0.2695136362317615,0.44999999999999885,0.15812595436061302,0,0.0
0.19800000000000015,0.19800000000000015,-0.85,0.14804336991988787,0.2695136362317615,0.44999999999999885,0.15812595436061302,0,0.0
0.20700000000000016,0.20700000000000016,-0.85,0.14804336991988787,0.2695136362317615,0.44999999999999885,0.15812595436061302,0,0.0
0.21600000000000016,0.21600000000000016,-0.85,0.14804336991988787,0.2695136362317615,0.44999999999999885,0.15812595436061302,0,0.0
0.22500000000000017,0.22500000000000017,-0.85,0.14804336991988787,0.2695136362317615,0.44999999999999885,0.15812595436061302,0,0.0
0.23400000000000018,0.23400000000000018,-0.85,0.14804336991988787,0.2695136362317615,0.44999999999999885,0.15812595436061302,0,0.0
0.2430000000000002,0.2430000000000002,-0.85,0.14804336991988787,0.2695136362317615,0.44999999999999885,0.15812595436061302,0,0.0
0.25200000000000017,0.25200000000000017,-0.85,0.14804336991988787,0.2695136362317615,0.44999999999999885,0.15812595436061302,0,0.0
0.2610000000000002,0.2610000000000002,-0.85,0.14804336991988787,0.2695136362317615,0.44999999999999885,0.15812595436061302,0,0.0
0.2700000000000002,0.2700000000000002,-0.85,0.14804336991988787,0.2695136362317615,0.44999999999999885,0.15812595436061302,0,0.0
0.2790000000000002,0.2790000000000002,-0.85,0.14804336991988787,0.2695136362317615,0.44999999999999885,0.15812595436061302,0,0.0
0.2880000000000002,0.2880000000000002,-0.85,0.14804336991988787,0.2695136362317615,0.44999999999999885,0.15812595436061302,0,0.0
0.2970000000000002,0.2970000000000002,-0.85,0.14804336991988787,0.2695136362317615,0.44999999999999885,0.15812595436061302,0,0.0
0.3060000000000002,0.3060000000000002,-0.85,0.14804336991988787,0.2695136362317615,0.44999999999999885,0.15812595436061302,0,0.0
0.3150000000000002,0.3150000000000002,-0.85,0.14804336991988787,0.2695136362317615,0.44999999999999885,0.15812595436061302,0,0.0
0.32400000000000023,0.32400000000000023,-0.85,0.14804336991988787,0.2695136362317615,0.44999999999999885,0.15812595436061302,0,0.0
0.33300000000000024,0.33300000000000024,-0.85,0.14804336991988787,0.2695136362317615,0.44999999999999885,0.15812595436061302,0,0.0
0.34200000000000025,0.34200000000000025,-0.85,0.14804336991988787,0.2695136362317615,0.44999999999999885,0.15812595436061302,0,0.0
0.35100000000000026,0.35100000000000026,-0.85,0.14804336991988787,0.2695136362317615,0.44999999999999885,0.15812595436061302,0,0.0
0.36000000000000026,0.36000000000000026,-0.85,0.14804336991988787,0.2695136362317615,0.44999999999999885,0.15812595436061302,0,0.0
0.36900000000000027,0.36900000000000027,-0.85,0.14804336991988787,0.2695136362317615,0.44999999999999885,0.15812595436061302,0,0.0
0.3780000000000003,0.3780000000000003,-0.85,0.14804336991988787,0.2695136362317615,0.44999999999999885,0.15812595436061302,0,0.0
0.3870000000000003,0.3870000000000003,-0.85,0.14804336991988787,0.2695136362317615,0.44999999999999885,0.15812595436061302,0,0.0
0.3960000000000003,0.3960000000000003,-0.85,0.14804336991988787,0.2695136362317615,0.44999999999999885,0.15812595436061302,0,0.0
0.4050000000000003,0.4050000000000003,-0.85,0.14804336991988787,0.2695136362317615,0.44999999999999885,0.15812595436061302,0,0.0
0.4140000000000003,0.4140000000000003,-0.85,0.14804336991988787,0.2695136362317615,0.44999999999999885,0.15812595436061302,0,0.0
0.4230000000000003,0.4230000000000003,-0.85,0.14804336991988787,0.2695136362317615,0.44999999999999885,0.15812595436061302,0,0.0
0.43200000000000033,0.43200000000000033,-0.85,0.14804336991988787,0.2695136362317615,0.44999999999999885,0.15812595436061302,0,0.0
0.44100000000000034,0.44100000000000034,-0.85,0.14804336991988787,0.2695136362317615,0.44999999999999885,0.15812595436061302,0,0.0
0.45000000000000034,0.45000000000000034,-0.85,0.14804336991988787,0.2695136362317615,0.44999999999999885,0.15812595436061302,0,0.0
0.45900000000000035,0.45900000000000035,-0.85,0.14804336991988787,0.2695136362317615,0.44999999999999885,0.15812595436061302,0,0.0
0.46800000000000036,0.46800000000000036,-0.85,0.14804336991988787,0.2695136362317615,0.44999999999999885,0.15812595436061302,0,0.0
0.47700000000000037,0.47700000000000037,-0.85,0.14804336991988787,0.2695136362317615,0.44999999999999885,0.15812595436061302,0,0.0
0.4860000000000004,0.4860000000000004,-0.85,0.14804336991988787,0.2695136362317615,0.44999999999999885,0.15812595436061302,0,0.0
0.4950000000000004,0.4950000000000004,-0.85,0.14804336991988787,0.2695136362317615,0.44999999999999885,0.15812595436061302,0,0.0
0.5040000000000002,0.5040000000000002,-0.85,0.14679068049042324,0.2609380776944419,0.44970480239749805,0.15879583738641484,29,2.0
0.5129999999999999,0.5129999999999999,-0.85,0.14400626905172392,0.24266886752861944,0.44906184492945234,0.16024068078682377,29,2.0
0.5219999999999996,0.5219999999999996,-0.85,0.14126943286204235,0.2257471168737665,0.44844723781769935,0.16160248677622766,29,2.0
0.5309999999999993,0.5309999999999993,-0.85,0.13857993901035995,0.21007251216736628,0.447859408940101,0.162886168117647,29,2.0
0.5399999999999989,0.5399999999999989,-0.85,0.13593750909593155,0.19555224072336375,0.4472968807673602,0.16409633713909566,29,2.0
0.5489999999999986,0.5489999999999986,-0.85,0.13334182341919065,0.1821004283569588,0.44675826441466726,0.16523732467291063,29,2.0
0.5579999999999983,0.5579999999999983,-0.85,0.13079252487656176,0.16963761925019988,0.4462422540781988,0.1663131977707128,29,2.0
0.566999999999998,0.566999999999998,-0.85,0.128289222578974,0.15809029488145065,0.44574762183103966,0.16732777627480935,29,2.0
0.5759999999999976,0.5759999999999976,-0.85,0.12583149521254822,0.14739042908096858,0.44527321275483045,0.16828464832137277,29,2.0
0.5849999999999973,0.5849999999999973,-0.85,0.12341889415869148,0.13747507649598514,0.44481794038502603,0.16918718484579492,29,2.0
0.593999999999997,0.593999999999997,-0.85,0.12105094638968325,0.12828599195316961,0.4443807824490974,0.17003855315574865,29,2.0
0.6029999999999966,0.6029999999999966,-0.85,0.11872715715476949,0.11976927839544067,0.44396077687845514,0.1708417296332196,29,2.0
0.6119999999999963,0.6119999999999963,-0.85,0.11644701247078071,0.11187506124493427,0.44355701807609227,0.17159951162261586,29,2.0
0.620999999999996,0.620999999999996,-0.85,0.11420998143036137,0.10455718720560742,0.44316865342319745,0.17231452855825924,29,2.0
0.6299999999999957,0.6299999999999957,-0.85,0.11201551834003222,0.09777294566845122,0.44279488000906986,0.17298925238102336,29,2.0
0.6389999999999953,0.6389999999999953,-0.85,0.10986306469949829,0.09148281102052389,0.44243494156974383,0.17362600729053487,29,2.0
0.647999999999995,0.647999999999995,-0.85,0.10775205103286192,0.08565020428683877,0.4420881256216683,0.17422697887630453,29,2.0
0.6569999999999947,0.6569999999999947,-0.85,0.10568189858169685,0.08024127265233709,0.44175376077773376,0.17479422266825514,29,2.0
0.6659999999999944,0.6659999999999944,-0.85,0.10365202086928464,0.07522468552047887,0.44143121423373927,0.17532967214439782,29,2.0
0.674999999999994,0.674999999999994,-0.85,0.10166182514470008,0.07057144586604643,0.44111988941422164,0.17583514623095733,29,2.0
0.6839999999999937,0.6839999999999937,-0.85,0.09971071371486426,0.06625471573321681,0.4408192237672957,0.17631235632788506,29,2.0
0.6929999999999934,0.6929999999999934,-0.85,0.09779808517214592,0.06224965481637834,0.44052868669879597,0.17676291289049026,29,2.0
0.7019999999999931,0.7019999999999931,-0.85,0.09592333552459743,0.05853327114107816,0.4402477776367375,0.17718833159594938,29,2.0
0.7109999999999927,0.7109999999999927,-0.85,0.09408585923544478,0.0550842829363923,0.4399760242176186,0.17759003912150406,29,2.0
0.7199999999999924,0.7199999999999924,-0.85,0.09228505017801569,0.0518829908583381,0.43971298058670916,0.177969378559395,29,2.0
0.7289999999999921,0.7289999999999921,-0.85,0.09052030251188432,0.04891115978714414,0.4394582258049609,0.17832761449200057,29,2.0
0.7379999999999918,0.7379999999999918,-0.85,0.08879101148563337,0.046151909479626246,0.4392113623556523,0.17866593774895942,29,2.0
0.7469999999999914,0.7469999999999914,-0.85,0.08709657417127639,0.04358961341195572,0.43897201474438186,0.17898546986681926,29,2.0
0.7559999999999911,0.7559999999999911,-0.85,0.08543639013505577,0.041209805198072914,0.4387398281863564,0.1792872672702002,29,2.0
0.7649999999999908,0.7649999999999908,-0.85,0.08380986204901911,0.03899909201521442,0.4385144673754197,0.17957232519240435,29,2.0
0.7739999999999905,0.7739999999999905,-0.85,0.08221639624748936,0.036945074510749,0.43829561532954897,0.17984158135208952,29,2.0
0.7829999999999901,0.7829999999999901,-0.85,0.0806554032322721,0.0350362727040341,0.43808297230795035,0.18009591940161765,29,2.0
0.7919999999999898,0.7919999999999898,-0.85,0.07912629813019255,0.0332620574335552,0.4378762547951456,0.18033617216164258,29,2.0
0.8009999999999895,0.8009999999999895,-0.85,0.07762869081873613,0.031613300371404314,0.43766193602443126,0.18059770544476927,88,3.0
0.8099999999999892,0.8099999999999892,-0.85,0.07616157492617608,0.030079178211995183,0.437347687032836,0.18112087594462412,88,3.0
0.8189999999999888,0.8189999999999888,-0.85,0.0747245337713558,0.028651842727321904,0.4370405391294205,0.18162629213202425,88,3.0
0.8279999999999885,0.8279999999999885,-0.85,0.07331700850302925,0.027323517834429392,0.4367402280662945,0.18211472530587175,88,3.0
0.8369999999999882,0.8369999999999882,-0.85,0.07193844647030645,0.026087002186314257,0.43644650230449933,0.18258690718747073,88,3.0
0.8459999999999879,0.8459999999999879,-0.85,0.07058830145910774,0.024935626394204453,0.4361591223075792,0.18304353216646024,88,3.0
0.8549999999999875,0.8549999999999875,-0.85,0.06926603390032672,0.02386321344690698,0.435877859877596,0.18348525941128538,88,3.0
0.8639999999999872,0.8639999999999872,-0.85,0.0679711110517708,0.022864042087630095,0.435602497530892,0.1839127148527103,88,3.0
0.8729999999999869,0.8729999999999869,-0.85,0.0667030071558113,0.021932812926673942,0.43533282791113614,0.1843264930483157,88,3.0
0.8819999999999866,0.8819999999999866,-0.85,0.06546120357454602,0.021064617085024204,0.43506865323730204,0.18472715893542527,88,3.0
0.8909999999999862,0.8909999999999862,-0.85,0.06424518890415813,0.02025490717927101,0.4348097847844259,0.18511524947942348,88,3.0
0.8999999999999859,0.8999999999999859,-0.85,0.06305445907004226,0.019499470472501553,0.4345560423950577,0.18549127522394576,88,3.0
0.9089999999999856,0.9089999999999856,-0.85,0.06188851740416361,0.0187944040289797,0.43430725401955367,0.18585572174907644,88,3.0
0.9179999999999853,0.9179999999999853,-0.85,0.06074687470602023,0.018136091722596115,0.43406325528337375,0.1862090510432256,88,3.0
0.926999999999985,0.926999999999985,-0.85,0.0596290492884827,0.017521182960325055,0.43382388907974034,0.18655170279404668,88,3.0
0.9359999999999846,0.9359999999999846,-0.85,0.05853456700970348,0.016946572992341077,0.43358900518608545,0.18688409560338473,88,3.0
0.9449999999999843,0.9449999999999843,-0.85,0.05746296129220542,0.016409384690069147,0.43335845990281147,0.1872066281309261,88,3.0
0.953999999999984,0.953999999999984,-0.85,0.05641377313018621,0.015906951682353475,0.4331321157130076,0.18751968017096118,88,3.0
0.9629999999999836,0.9629999999999836,-0.85,0.055386551086002045,0.015436802748160618,0.43290984096183427,0.1878236136663397,88,3.0
0.9719999999999833,0.9719999999999833,-0.85,0.05438085127673236,0.014996647371850873,0.4326915095543531,0.18811877366346832,88,3.0
0.980999999999983,0.980999999999983,-0.85,0.053396237351662296,0.014584362374100155,0.4324770006707066,0.18840548921196318,88,3.0
0.9899999999999827,0.9899999999999827,-0.85,0.052432280461464684,0.014197979538062165,0.432266198497568,0.1886840742123278,88,3.0
0.9989999999999823,0.9989999999999823,-0.85,0.05148855921980868,0.013835674156395354,0.4320589919748796,0.18895482821480458,88,3.0
1.0079999999999827,1.0079999999999827,-0.85,0.05143027703543879,0.014375728893804545,0.4319619635280291,0.18911189465177108,59,3.0
1.016999999999983,1.016999999999983,-0.85,0.05148152745810738,0.015024102484920122,0.4318796396694863,0.1892519193230957,59,3.0
1.0259999999999834,1.0259999999999834,-0.85,0.0515331007363274,0.015669507496991173,0.43179855611443785,0.18938841499668124,59,3.0
1.0349999999999837,1.0349999999999837,-0.85,0.05158499404301778,0.01631196327604856,0.43171868923413514,0.18952145325394376,59,3.0
1.043999999999984,1.043999999999984,-0.85,0.05163720456103934,0.01695148896992142,0.4316400158762709,0.18965110421836118,59,3.0
1.0529999999999844,1.0529999999999844,-0.85,0.05168972948334617,0.017588103531267232,0.43156251335505225,0.18977743658584026,59,3.0
1.0619999999999847,1.0619999999999847,-0.85,0.05174256601313152,0.018221825720547098,0.43148615944148616,0.1899005176544459,59,3.0
1.070999999999985,1.070999999999985,-0.85,0.05179571136396786,0.01885267410894338,0.4314109323538692,0.19002041335349418,59,3.0
1.0799999999999854,1.0799999999999854,-0.85,0.051849162759941586,0.01948066708122514,0.4313368107484853,0.19013718827202938,59,3.0
1.0889999999999858,1.0889999999999858,-0.85,0.05190291743578242,0.020105822838558707,0.4312637737105047,0.19025090568669492,59,3.0
1.097999999999986,1.097999999999986,-0.85,0.05195697263698768,0.020728159401267213,0.4311918007450596,0.1903616275890028,59,3.0
1.1069999999999864,1.1069999999999864,-0.85,0.05201132561994094,0.0213476946115383,0.4311208717685322,0.19046941471203704,59,3.0
1.1159999999999868,1.1159999999999868,-0.85,0.05206597365202656,0.02196444613608246,0.4310509671000085,0.19057432655656886,59,3.0
1.1249999999999871,1.1249999999999871,-0.85,0.0521209140117387,0.022578431468741243,0.4309820674529373,0.1906764214166566,59,3.0
1.1339999999999875,1.1339999999999875,-0.85,0.052176143988786144,0.023189667933048833,0.430914153926932,0.19077575640464164,59,3.0
1.1429999999999878,1.1429999999999878,-0.85,0.05223166088419213,0.023798172684745003,0.4308472079997902,0.1908723874756813,59,3.0
1.1519999999999881,1.1519999999999881,-0.85,0.05228746201039017,0.02440396271424278,0.4307812115196392,0.19096636945170178,59,3.0
1.1609999999999885,1.1609999999999885,-0.85,0.05234354469131496,0.02500705484905105,0.4307161466972832,0.1910577560448865,59,3.0
1.1699999999999888,1.1699999999999888,-0.85,0.05239990626248975,0.025607465756151172,0.4306519960986939,0.19114659988064248,59,3.0
1.1789999999999892,1.1789999999999892,-0.85,0.052456544071109015,0.026205211944332153,0.43058874263766544,0.1912329525200881,59,3.0
1.1879999999999895,1.1879999999999895,-0.85,0.05251345547611734,0.026800309766482087,0.4305263695686284,0.19131686448206392,59,3.0
1.1969999999999898,1.1969999999999898,-0.85,0.052570637848284515,0.02739277542183791,0.4304648604796034,0.1913983852646757,59,3.0
1.2059999999999902,1.2059999999999902,-0.85,0.052628088570276635,0.027982624958193925,0.43040419928532514,0.1914775633663844,59,3.0
1.2149999999999905,1.2149999999999905,-0.85,0.052685805036723446,0.02856987427407084,0.43034437022049826,0.19155444630665447,59,3.0
1.2239999999999909,1.2239999999999909,-0.85,0.052743784654282456,0.029154539120845365,0.43028535783319355,0.19162908064614828,59,3.0
1.2329999999999912,1.2329999999999912,-0.85,0.05280202484169904,0.02973663510484039,0.4302271469783935,0.19170151200651728,59,3.0
1.2419999999999916,1.2419999999999916,-0.85,0.052860523029863535,0.030316177689378703,0.43016972281166516,0.1917717850897543,59,3.0
1.250999999999992,1.250999999999992,-0.85,0.052919276661864544,0.030893182196798073,0.43011307078297745,0.19183994369715132,59,3.0
1.2599999999999922,1.2599999999999922,-0.85,0.052978283193039856,0.03146766381043161,0.43005717663063836,0.19190603074784982,59,3.0
1.2689999999999926,1.2689999999999926,-0.85,0.05303754009102279,0.032039637576551566,0.4300020263753703,0.19197008829700835,59,3.0
1.277999999999993,1.277999999999993,-0.85,0.05309704483578704,0.03260911840627821,0.4299476063144974,0.19203215755357167,59,3.0
1.2869999999999933,1.2869999999999933,-0.85,0.05315679491968749,0.03317612107745503,0.4298939030162711,0.1920922788976797,59,3.0
1.2959999999999936,1.2959999999999936,-0.85,0.053216787847498476,0.03374066023649019,0.42984090331430386,0.19215049189770922,59,3.0
1.304999999999994,1.304999999999994,-0.85,0.05327702113644905,0.03430275040016446,0.42978859430212846,0.1922068353269403,59,3.0
1.3139999999999943,1.3139999999999943,-0.85,0.05333749231625562,0.03486240595740832,0.429736963327861,0.19226134717989768,59,3.0
1.3229999999999946,1.3229999999999946,-0.85,0.05339819892915229,0.03541964117104595,0.42968599798898865,0.19231406468832188,59,3.0
1.331999999999995,1.331999999999995,-0.85,0.053459138529917585,0.0359744701795097,0.42963568612726,0.19236502433682823,59,3.0
1.3409999999999953,1.3409999999999953,-0.85,0.05352030868589971,0.03652690699852284,0.4295860158236885,0.19241426187822308,59,3.0
1.3499999999999956,1.3499999999999956,-0.85,0.05358170697703851,0.037076965522753774,0.42953697539364855,0.19246181234849413,59,3.0
1.358999999999996,1.358999999999996,-0.85,0.05364333099588565,0.03762465952743968,0.42948855338209113,0.19250771008150006,59,3.0
1.3679999999999963,1.3679999999999963,-0.85,0.05370517834762215,0.038170002669983244,0.42944073855885134,0.19255198872334475,59,3.0
1.3769999999999967,1.3769999999999967,-0.85,0.053767246650073534,0.038713008491520325,0.42939351991405383,0.19259468124644705,59,3.0
1.385999999999997,1.385999999999997,-0.85,0.05382953353372318,0.039253690418459886,0.42934688665361304,0.19263581996331786,59,3.0
1.3949999999999974,1.3949999999999974,-0.85,0.05389203664172317,0.03979206176399779,0.42930082819484394,0.19267543654005492,59,3.0
1.4039999999999977,1.4039999999999977,-0.85,0.05395475362990294,0.0403281357296038,0.4292553341621369,0.19271356200954434,59,3.0
1.412999999999998,1.412999999999998,-0.85,0.054017682166776576,0.04086192540648256,0.4292103943827452,0.19275022678438328,59,3.0
1.4219999999999984,1.4219999999999984,-0.85,0.05408081993354716,0.04139344377700937,0.4291659988826586,0.19278546066956026,59,3.0
1.4309999999999987,1.4309999999999987,-0.85,0.05414416462411024,0.04192270371614108,0.42912213788255354,0.19281929287482708,59,3.0
1.439999999999999,1.439999999999999,-0.85,0.05420771394505442,0.04244971799280226,0.4290788017938354,0.19285175202684898,59,3.0
1.4489999999999994,1.4489999999999994,-0.85,0.05427146561566095,0.04297449927124781,0.4290359812147586,0.1928828661810743,59,3.0
1.4579999999999997,1.4579999999999997,-0.85,0.05433541736790118,0.043497060112401835,0.42899366692664065,0.1929126628333825,59,3.0
1.467,1.467,-0.85,0.054399566946432554,0.04401741297517429,0.42895184989013446,0.19294116893146518,59,3.0
1.4760000000000004,1.4760000000000004,-0.85,0.05446391210859225,0.04453557021775364,0.428910521241598,0.1929684108859752,59,3.0
1.4850000000000008,1.4850000000000008,-0.85,0.05452845062439023,0.04505154409887827,0.42886967228952755,0.1929944145814583,59,3.0
1.494000000000001,1.494000000000001,-0.85,0.05459318027649989,0.04556534677908648,0.42882929451107327,0.19301920538704304,59,3.0
1.5030000000000014,1.5030000000000014,-0.85,0.0546580988602478,0.04607699032194491,0.42878937954861873,0.19304280816689987,59,3.0
1.5120000000000018,1.5120000000000018,-0.85,0.054723204183601645,0.04658648669525546,0.42874991920644284,0.19306524729050395,59,3.0
1.5210000000000021,1.5210000000000021,-0.85,0.05478849406715643,0.04709384777224279,0.4287109054474435,0.193086546642672,59,3.0
1.5300000000000025,1.5300000000000025,-0.85,0.054853966344120084,0.04759908533272105,0.42867233038992764,0.1931067296333901,59,3.0
1.5390000000000028,1.5390000000000028,-0.85,0.05491961886029717,0.0481022110642414,0.42863418630448036,0.19312581920743932,59,3.0
1.5480000000000032,1.5480000000000032,-0.85,0.054985449474071336,0.048603236563220326,0.4285964656108805,0.1931438378538157,59,3.0
1.5570000000000035,1.5570000000000035,-0.85,0.05505145605638651,0.049102173336047945,0.4285591608751002,0.19316080761497018,59,3.0
1.5660000000000038,1.5660000000000038,-0.85,0.05511763649072711,0.049599032800179126,0.42852226480635247,0.19317675009583415,59,3.0
1.5750000000000042,1.5750000000000042,-0.85,0.05518398867309685,0.05009382628520595,0.4284857702542064,0.19319168647268203,59,3.0
1.5840000000000045,1.5840000000000045,-0.85,0.05525051051199627,0.050586565033911714,0.4284496702057614,0.1932056375017842,59,3.0
1.5930000000000049,1.5930000000000049,-0.85,0.055317199928399674,0.05107726020330854,0.42841395778287755,0.19321862352790437,59,3.0
1.6020000000000052,1.6020000000000052,-0.85,0.055384054855730024,0.051565922865656935,0.4283786262394721,0.19323066449260415,59,3.0
1.6110000000000055,1.6110000000000055,-0.85,0.05545107323983397,0.052052564009468436,0.4283436689588571,0.19324177994238748,59,3.0
1.6200000000000059,1.6200000000000059,-0.85,0.05551825303895491,0.05253719454049299,0.4283090794511426,0.19325198903665675,59,3.0
1.6290000000000062,1.6290000000000062,-0.85,0.05558559222370573,0.053019825282688386,0.42827485135070065,0.19326131055554108,59,3.0
1.6380000000000066,1.6380000000000066,-0.85,0.05565308877703992,0.053500466979175335,0.4282409784136626,0.19326976290751938,59,3.0
1.647000000000007,1.647000000000007,-0.85,0.05572074069422257,0.053979130293175824,0.4282074545154819,0.19327736413691646,59,3.0
1.6560000000000072,1.6560000000000072,-0.85,0.05578854598279963,0.05445582580893718,0.42817427364854455,0.1932841319312285,59,3.0
1.6650000000000076,1.6650000000000076,-0.85,0.055856502662567316,0.054930564032639906,0.42814142991982973,0.19329008362830916,59,3.0
1.674000000000008,1.674000000000008,-0.85,0.05592460876553945,0.05540335539329181,0.42810891754861713,0.19329523622339695,59,3.0
1.6830000000000083,1.6830000000000083,-0.85,0.05599286233591498,0.055874210243608204,0.42807673086423637,0.19329960637599872,59,3.0
1.6920000000000086,1.6920000000000086,-0.85,0.05606126143004444,0.05634313886087593,0.4280448643038783,0.19330321041663895,59,3.0
1.701000000000009,1.701000000000009,-0.85,0.05612980411639549,0.05681015144780536,0.4280133124104336,0.19330606435346395,59,3.0
1.7100000000000093,1.7100000000000093,-0.85,0.05619848847551787,0.057275258133368145,0.42798206983038856,0.19330818387871115,59,3.0
1.7190000000000096,1.7190000000000096,-0.85,0.056267312600007814,0.05773846897362124,0.42795113131175766,0.19330958437504495,59,3.0
1.72800000000001,1.72800000000001,-0.85,0.05633627459447133,0.058199793952518786,0.42792049170206115,0.19331028092175973,59,3.0
1.7370000000000103,1.7370000000000103,-0.85,0.056405372575487236,0.058659242982709636,0.4278901459463442,0.19331028830086053,59,3.0
1.7460000000000107,1.7460000000000107,-0.85,0.056474604671569575,0.0591168259063241,0.42786008908523887,0.19330962100301952,59,3.0
1.755000000000011,1.755000000000011,-0.85,0.05654396902312915,0.05957255249574663,0.4278303162530563,0.1933082932333981,59,3.0
1.7640000000000113,1.7640000000000113,-0.85,0.05661346378243462,0.06002643245437712,0.4278008226759349,0.19330631891736552,59,3.0
1.7730000000000117,1.7730000000000117,-0.85,0.0566830871135731,0.06047847541738031,0.4277716036700116,0.19330371170609212,59,3.0
1.782000000000012,1.782000000000012,-0.85,0.056752837192410255,0.060928690952423425,0.42774265463963546,0.19330048498202237,59,3.0
1.7910000000000124,1.7910000000000124,-0.85,0.05682271220654954,0.061377088560402554,0.4277139710756228,0.19329665186425007,59,3.0
1.8000000000000127,1.8000000000000127,-0.85,0.056892710355291476,0.06182367767615671,0.4276855485535389,0.19329222521376543,58,3.0
1.809000000000013,1.809000000000013,-0.85,0.05696282984476423,0.062268467985695096,0.4276581519293522,0.19328660933542507,58,3.0
1.8180000000000134,1.8180000000000134,-0.85,0.05703306940742353,0.06271146151538365,0.42763135057464186,0.1932801186238123,57,3.0
1.8270000000000137,1.8270000000000137,-0.85,0.057103426263294794,0.06315268371823983,0.4276051836634882,0.19327273228881228,57,3.0
1.836000000000014,1.836000000000014,-0.85,0.057173899965755885,0.0635921247961551,0.42757991834598963,0.19326415023143387,56,3.0
1.8450000000000144,1.8450000000000144,-0.85,0.057244488053325444,0.06402980603147868,0.4275552037010097,0.19325471137718314,55,3.0
1.8540000000000147,1.8540000000000147,-0.85,0.05731518810176815,0.06446574913527055,0.4275311191107265,0.19324433655037276,55,3.0
1.863000000000015,1.863000000000015,-0.85,0.05738599973935,0.0648999435448978,0.4275078259321886,0.1932328075171121,54,3.0
1.8720000000000154,1.8720000000000154,-0.85,0.05745692036476921,0.0653324142833289,0.42748504304095464,0.19322045007697136,53,3.0
1.8810000000000158,1.8810000000000158,-0.85,0.057527948773232244,0.06576316486674363,0.42746288632494506,0.19320712040374072,53,3.0
1.8900000000000161,1.8900000000000161,-0.85,0.05759908384125341,0.06619219679998704,0.42744142393188517,0.1931927051580818,52,3.0
1.8990000000000165,1.8990000000000165,-0.85,0.05767032383979231,0.06661952219085451,0.42742043686324616,0.19317749278039978,51,3.0
1.9080000000000168,1.9080000000000168,-0.85,0.05774166630484158,0.0670451656127299,0.4274000683283023,0.19316128525571258,51,3.0
1.9170000000000171,1.9170000000000171,-0.85,0.057813111039478685,0.06746911379311905,0.42738030804721927,0.19314407669766062,50,3.0
1.9260000000000175,1.9260000000000175,-0.85,0.05788465566347772,0.06789139057327091,0.4273609887143367,0.19312611192668347,49,3.0
1.9350000000000178,1.9350000000000178,-0.85,0.0579562983614337,0.0683120106552819,0.4273422804740999,0.19310713349623548,49,3.0
1.9440000000000182,1.9440000000000182,-0.85,0.05802803824845128,0.06873097251777514,0.42732410157180034,0.1930872516938196,48,3.0
1.9530000000000185,1.9530000000000185,-0.85,0.05809987396666574,0.06914828359927926,0.42730633307829613,0.19306665471046014,47,3.0
1.9620000000000188,1.9620000000000188,-0.85,0.058171803500866745,0.06956396247356243,0.427289166979295,0.19304503274315377,47,3.0
1.9710000000000192,1.9710000000000192,-0.85,0.058243826294666866,0.06997800199808618,0.42727246048234635,0.19302260645436697,46,3.0
1.9800000000000195,1.9800000000000195,-0.85,0.058315940399975355,0.0703904204627625,0.4272561348826776,0.19299951005355315,45,3.0
1.9890000000000199,1.9890000000000199,-0.85,0.05838814371488882,0.07080123869566302,0.42724040104604316,0.1929753854030723,45,3.0
1.9980000000000202,1.9980000000000202,-0.85,0.05846043591610625,0.07121044560131322,0.42722506272226,0.19295055851220233,44,3.0
2.0070000000000205,2.0070000000000205,-0.85,0.05853281483145193,0.07161806444437246,0.4272100774324149,0.1929251076872034,43,3.0
2.016000000000021,2.016000000000021,-0.85,0.05860527922178442,0.07202410075328793,0.42719567340744835,0.19289862897956897,43,3.0
2.0250000000000212,2.0250000000000212,-0.85,0.05867782811542898,0.07242855542316658,0.4271816065946785,0.19287154882646182,42,3.0
2.0340000000000216,2.0340000000000216,-0.85,0.05875045965282758,0.07283144671832811,0.42716789046646597,0.1928438476145912,42,3.0
2.043000000000022,2.043000000000022,-0.85,0.05882317319423018,0.07323276868184365,0.4271546981371952,0.19281520795724374,41,3.0
2.0520000000000223,2.0520000000000223,-0.85,0.058895966962892246,0.07363253786948826,0.4271418132758479,0.19278602217125565,40,3.0
2.0610000000000226,2.0610000000000226,-0.85,0.058968839029932364,0.07403077469081147,0.4271292797224048,0.19275621253602002,40,3.0
2.070000000000023,2.070000000000023,-0.85,0.05904178902672043,0.07442746778253695,0.42711720701549666,0.1927255718775311,39,3.0
2.0790000000000233,2.0790000000000233,-0.85,0.05911481494337606,0.07482263927221326,0.4271054192472379,0.19269443130121808,38,3.0
2.0880000000000236,2.0880000000000236,-0.85,0.05918791557406855,0.07521629568047382,0.4270939836940856,0.19266266788735456,38,3.0
2.097000000000024,2.097000000000024,-0.85,0.059261089949797556,0.07560843748612758,0.4270829538238907,0.19263018438279045,37,3.0
2.1060000000000243,2.1060000000000243,-0.85,0.05933433682938908,0.0759990718164708,0.4270721897190286,0.1925972463400298,36,3.0
2.1150000000000246,2.1150000000000246,-0.85,0.05940765429292246,0.0763882201973349,0.4270617779466561,0.1925636941356159,36,3.0
2.124000000000025,2.124000000000025,-0.85,0.05948104193159278,0.07677587132744955,0.4270517219194706,0.19252952469615092,35,3.0
2.1330000000000253,2.1330000000000253,-0.85,0.059554497935547714,0.0771620449491554,0.4270419126715289,0.1924949447951371,34,3.0
2.1420000000000257,2.1420000000000257,-0.85,0.05962802072613189,0.07754675603744834,0.4270324550050514,0.19245976060752212,34,3.0
2.151000000000026,2.151000000000026,-0.85,0.059701609616821,0.07792999923990122,0.4270233065030741,0.19242405463017997,33,3.0
2.1600000000000263,2.1600000000000263,-0.85,0.05977526314496287,0.07831178755362224,0.42701438737304154,0.1923879786860561,32,3.0
2.1690000000000267,2.1690000000000267,-0.85,0.05984897999478932,0.07869213035906537,0.42700581835491613,0.19235130934134728,32,3.0
2.178000000000027,2.178000000000027,-0.85,0.059922759389985064,0.07907102411283373,0.42699751629720123,0.19231420498306934,31,3.0
2.1870000000000274,2.1870000000000274,-0.85,0.059996599860954215,0.0794484824451587,0.42698942742148394,0.19227676822105053,30,3.0
2.1960000000000277,2.1960000000000277,-0.85,0.06007049969403896,0.0798245244894616,0.42698168579732654,0.19223875038356317,30,3.0
2.205000000000028,2.205000000000028,-0.85,0.06014445844853238,0.08019913888197204,0.42697417244234026,0.1922003766671976,29,3.0
2.2140000000000284,2.2140000000000284,-0.85,0.06021847441710492,0.08057234583438493,0.4269668568519541,0.19216170538915375,28,3.0
2.2230000000000287,2.2230000000000287,-0.85,0.06029254637898771,0.08094415302330842,0.42695988558221565,0.19212246535987423,28,3.0
2.232000000000029,2.232000000000029,-0.85,0.06036667341838536,0.08131456084266549,0.4269531070775066,0.19208294125074882,27,3.0
2.2410000000000294,2.2410000000000294,-0.85,0.06044085421466509,0.08168358068953015,0.42694652431227,0.19204312906480184,27,3.0
2.2500000000000298,2.2500000000000298,-0.85,0.06051508793041567,0.08205121018515253,0.426940258776797,0.1920028050609962,26,3.0
2.25900000000003,2.25900000000003,-0.85,0.06058937320756009,0.08241746142485055,0.4269341659158411,0.19196223947679256,25,3.0
2.2680000000000304,2.2680000000000304,-0.85,0.060663708484790885,0.08278235303801046,0.42692827248157206,0.1919213834405297,25,3.0
2.2770000000000308,2.2770000000000308,-0.85,0.060738093251940836,0.08314587371786895,0.4269226586379382,0.19188009060057476,24,3.0
2.286000000000031,2.286000000000031,-0.85,0.060812525934771614,0.08350804261123726,0.42691720516770654,0.19183858298150075,23,3.0
2.2950000000000315,2.2950000000000315,-0.85,0.060887005370974585,0.08386886804049982,0.426911954504851,0.19179678304456474,23,3.0
2.304000000000032,2.304000000000032,-0.85,0.060961530633841396,0.08422835032099912,0.426906948934038,0.1917546139076212,22,3.0
2.313000000000032,2.313000000000032,-0.85,0.06103610074814473,0.08458649215296209,0.42690209283903463,0.19171225431805433,21,3.0
2.3220000000000325,2.3220000000000325,-0.85,0.061110714220316664,0.08494331208692674,0.42689744224993936,0.19166960069422528,21,3.0
2.331000000000033,2.331000000000033,-0.85,0.061185370425489764,0.08529880112221641,0.4268930057411655,0.19162663902109178,20,3.0
2.340000000000033,2.340000000000033,-0.85,0.06126006797647012,0.08565297523316946,0.4268887084030636,0.19158350846168934,19,3.0
2.3490000000000335,2.3490000000000335,-0.85,0.06133480554288736,0.08600584913742042,0.42688461892081586,0.19154008193351088,19,3.0
2.358000000000034,2.358000000000034,-0.85,0.061409582453592425,0.08635741520430425,0.42688071512681036,0.191496402040899,18,3.0
2.367000000000034,2.367000000000034,-0.85,0.061484397339565,0.08670769035892782,0.4268769412020952,0.19145257228781523,17,3.0
2.3760000000000345,2.3760000000000345,-0.85,0.061559249272836764,0.08705667636337114,0.4268733774870502,0.191408444459717,17,3.0
2.385000000000035,2.385000000000035,-0.85,0.06163413734934286,0.08740437324780823,0.4268699737776088,0.1913641124363079,16,3.0
2.394000000000035,2.394000000000035,-0.85,0.06170906043610329,0.08775079056666939,0.4268666917178926,0.19131964779064958,15,3.0
2.4030000000000356,2.4030000000000356,-0.85,0.06178401718570628,0.08809594570632791,0.42686362194454874,0.19127488136713033,15,3.0
2.412000000000036,2.412000000000036,-0.85,0.06185900699619699,0.08843982789536187,0.42686068891586615,0.19122995494135617,14,3.0
2.4210000000000362,2.4210000000000362,-0.85,0.061934028561585065,0.08878245452447257,0.42685786999277725,0.19118491028712464,13,3.0
2.4300000000000366,2.4300000000000366,-0.85,0.06200908078054291,0.08912383466250962,0.42685526580185956,0.19113955919501463,13,3.0
2.439000000000037,2.439000000000037,-0.85,0.06208416278752575,0.08946396825603224,0.42685277714994474,0.1910940871413137,12,3.0
2.4480000000000373,2.4480000000000373,-0.85,0.0621592735703775,0.0898028622135904,0.42685040215468273,0.1910484978947032,12,3.0
2.4570000000000376,2.4570000000000376,-0.85,0.06223441223197104,0.09014051695471124,0.42684823257029664,0.19100261909708333,11,3.0
2.466000000000038,2.466000000000038,-0.85,0.06230957772144574,0.0904769407368431,0.42684616553331634,0.19095664337289045,10,3.0
2.4750000000000383,2.4750000000000383,-0.85,0.062384768836938824,0.09081215043934772,0.4268442187654062,0.19091053657557194,10,3.0
2.4840000000000386,2.4840000000000386,-0.85,0.062459984917605,0.09114613562740914,0.42684245615332916,0.1908641781174417,9,3.0
2.493000000000039,2.493000000000039,-0.85,0.06253522477987489,0.09147891274954217,0.42684079111220746,0.1908177305451803,8,3.0
2.5020000000000393,2.5020000000000393,-0.85,0.06261048740878863,0.09181049130761844,0.4268392533536063,0.1907711368657555,8,3.0
2.5110000000000396,2.5110000000000396,-0.85,0.06268577196529504,0.09214086995565822,0.4268378808382692,0.19072432352593954,7,3.0
2.52000000000004,2.52000000000004,-0.85,0.06276107754468309,0.09247005226135624,0.4268366019728659,0.19067742706923005,6,3.0
2.5290000000000403,2.5290000000000403,-0.85,0.06283640307990793,0.09279805181455011,0.4268354581514381,0.19063036656404822,6,3.0
2.5380000000000407,2.5380000000000407,-0.85,0.06291174781290856,0.09312486226227659,0.4268344630986226,0.19058311420610555,5,3.0
2.547000000000041,2.547000000000041,-0.85,0.06298711071083668,0.09345049631188856,0.42683355883316443,0.19053578126488238,4,3.0
2.5560000000000414,2.5560000000000414,-0.85,0.06306249073893809,0.09377496821794021,0.4268327987534638,0.19048826139622574,4,3.0
2.5650000000000417,2.5650000000000417,-0.85,0.06313788717646303,0.09409826935349588,0.4268321732541177,0.1904405718277931,3,3.0
2.574000000000042,2.574000000000042,-0.85,0.06321329899111819,0.09442041583019893,0.4268316369587962,0.19039280070510492,2,3.0
2.5830000000000424,2.5830000000000424,-0.85,0.06328872533170694,0.09474141058143827,0.4268312561940254,0.19034481393018876,2,3.0
2.5920000000000427,2.5920000000000427,-0.85,0.0633641653647099,0.09506125355604587,0.42683099784570444,0.19029667519275614,1,3.0
2.601000000000043,2.601000000000043,-0.85,0.06343961821633075,0.09537995088551642,0.4268308284286552,0.19024845156929643,0,0.0
2.6100000000000434,2.6100000000000434,-0.85,0.06351508290825963,0.09569751831619863,0.4268308284286546,0.19019997502678967,0,0.0
2.6190000000000437,2.6190000000000437,-0.85,0.06359055863143309,0.0960139541208802,0.4268308284286537,0.190151593676154,0,0.0
2.628000000000044,2.628000000000044,-0.85,0.06366604442846475,0.09632926323664161,0.4268308284286545,0.19010330729411942,0,0.0
2.6370000000000444,2.6370000000000444,-0.85,0.06374153934946243,0.09664345057706585,0.4268308284286543,0.1900551156579707,0,0.0
2.6460000000000448,2.6460000000000448,-0.85,0.06381704245198,0.09695652103235593,0.4268308284286548,0.19000701854555785,0,0.0
2.655000000000045,2.655000000000045,-0.85,0.06389255280097057,0.09726847946945309,0.4268308284286535,0.1899590157352868,0,0.0
2.6640000000000454,2.6640000000000454,-0.85,0.06396806946873936,0.09757933073215329,0.42683082842865483,0.18991110700612324,0,0.0
2.673000000000046,2.673000000000046,-0.85,0.06404359153489705,0.09788907964122402,0.4268308284286553,0.18986329213758138,0,0.0
2.682000000000046,2.682000000000046,-0.85,0.06411911808631335,0.09819773099452031,0.42683082842865483,0.18981557090972956,0,0.0
2.6910000000000465,2.6910000000000465,-0.85,0.06419464821707083,0.0985052895670993,0.4268308284286556,0.1897679431031933,0,0.0
2.700000000000047,2.700000000000047,-0.85,0.06427018102841926,0.09881176011133506,0.426830828428653,0.18972040849913457,0,0.0
2.709000000000047,2.709000000000047,-0.85,0.06434571562872964,0.09911714735703267,0.426830828428653,0.1896729668792771,0,0.0
2.7180000000000475,2.7180000000000475,-0.85,0.06442125113344915,0.09942145601154175,0.42683082842865405,0.18962561802587832,0,0.0
2.727000000000048,2.727000000000048,-0.85,0.0644967866650562,0.09972469075986891,0.42683082842865555,0.18957836172174852,0,0.0
2.736000000000048,2.736000000000048,-0.85,0.06457232135301562,0.10002685626478974,0.4268308284286547,0.18953119775022698,0,0.0
2.7450000000000485,2.7450000000000485,-0.85,0.06464785433373406,0.10032795716696107,0.4268308284286551,0.18948412589520797,0,0.0
2.754000000000049,2.754000000000049,-0.85,0.06472338475051569,0.10062799808503135,0.4268308284286553,0.18943714594111494,0,0.0
2.763000000000049,2.763000000000049,-0.85,0.06479891175351857,0.10092698361575138,0.42683082842865444,0.18939025767290946,0,0.0
2.7720000000000495,2.7720000000000495,-0.85,0.06487443449971059,0.10122491833408424,0.4268308284286539,0.1893434608760876,0,0.0
2.78100000000005,2.78100000000005,-0.85,0.06494995215282628,0.10152180679331446,0.4268308284286546,0.18929675533668147,0,0.0
2.79000000000005,2.79000000000005,-0.85,0.06502546388332359,0.10181765352515607,0.42683082842865516,0.18925014084125372,0,0.0
2.7990000000000506,2.7990000000000506,-0.85,0.0651009688683409,0.10211246303986192,0.4268308284286553,0.18920361717689008,0,0.0
2.808000000000051,2.808000000000051,-0.85,0.06517646629165448,0.1024062398263302,0.42683082842865516,0.18915718413121418,0,0.0
2.8170000000000512,2.8170000000000512,-0.85,0.06525195534363586,0.10269898835221195,0.42683082842865505,0.18911084149236856,0,0.0
2.8260000000000516,2.8260000000000516,-0.85,0.06532743522121018,0.10299071306401733,0.42683082842865566,0.18906458904902762,0,0.0
2.835000000000052,2.835000000000052,-0.85,0.06540290512781372,0.10328141838722132,0.4268308284286548,0.18901842659037954,0,0.0
2.8440000000000523,2.8440000000000523,-0.85,0.06547836427335257,0.10357110872636957,0.4268308284286547,0.18897235390614167,0,0.0
2.8530000000000526,2.8530000000000526,-0.85,0.06555381187416137,0.10385978846518198,0.4268308284286536,0.1889263707865458,0,0.0
2.862000000000053,2.862000000000053,-0.85,0.0656292471529618,0.10414746196665836,0.4268308284286546,0.18888047702234448,0,0.0
2.8710000000000533,2.8710000000000533,-0.85,0.0657046693388221,0.10443413357318122,0.42683082842865466,0.18883467240480817,0,0.0
2.8800000000000536,2.8800000000000536,-0.85,0.0657800776671161,0.10471980760661895,0.42683082842865444,0.18878895672571644,0,0.0
2.889000000000054,2.889000000000054,-0.85,0.06585547137948304,0.10500448836842849,0.42683082842865483,0.18874332977736816,0,0.0
2.8980000000000543,2.8980000000000543,-0.85,0.06593084972378724,0.10528818013975721,0.4268308284286545,0.18869779135256867,0,0.0
2.9070000000000547,2.9070000000000547,-0.85,0.06600621195407831,0.10557088718154493,0.42683082842865405,0.18865234124463623,0,0.0
2.916000000000055,2.916000000000055,-0.85,0.06608155733055152,0.10585261373462436,0.42683082842865555,0.18860697924739928,0,0.0
2.9250000000000553,2.9250000000000553,-0.85,0.06615688511950814,0.10613336401982133,0.4268308284286563,0.18856170515518592,0,0.0
2.9340000000000557,2.9340000000000557,-0.85,0.06623219459331663,0.10641314223805513,0.4268308284286553,0.18851651876283496,0,0.0
2.943000000000056,2.943000000000056,-0.85,0.0663074850303732,0.10669195257043815,0.4268308284286539,0.18847141986568633,0,0.0
2.9520000000000564,2.9520000000000564,-0.85,0.06638275571506351,0.10696979917837411,0.4268308284286555,0.18842640825958976,0,0.0
2.9610000000000567,2.9610000000000567,-0.85,0.06645800593772398,0.10724668620365678,0.4268308284286547,0.18838148374088062,0,0.0
2.970000000000057,2.970000000000057,-0.85,0.06653323499460348,0.1075226177685676,0.4268308284286543,0.1883366461064062,0,0.0
2.9790000000000574,2.9790000000000574,-0.85,0.06660844218782536,0.10779759797597313,0.42683082842865533,0.18829189515350536,0,0.0
2.9880000000000577,2.9880000000000577,-0.85,0.06668362682534981,0.10807163090942189,0.42683082842865455,0.18824723068001398,0,0.0
2.997000000000058,2.997000000000058,-0.85,0.06675878822093587,0.10834472063324056,0.4268308284286544,0.1882026524842623,0,0.0
3.0060000000000584,3.0060000000000584,-0.85,0.06683392569410466,0.10861687119262974,0.4268308284286543,0.18815816036507085,0,0.0
3.0150000000000587,3.0150000000000587,-0.85,0.06690903857010165,0.10888808661375962,0.4268308284286557,0.18811375412175965,0,0.0
3.024000000000059,3.024000000000059,-0.85,0.06698412617986015,0.10915837090386425,0.42683082842865505,0.1880694335541251,0,0.0
3.0330000000000594,3.0330000000000594,-0.85,0.06705918785996465,0.10942772805133606,0.4268308284286545,0.18802519846246438,0,0.0
3.0420000000000598,3.0420000000000598,-0.85,0.06713422295261416,0.1096961620258199,0.42683082842865583,0.18798104864755708,0,0.0
3.05100000000006,3.05100000000006,-0.85,0.06720923080558608,0.10996367677830604,0.4268308284286553,0.1879369839106635,0,0.0
3.0600000000000604,3.0600000000000604,-0.85,0.06728421077220009,0.1102302762412231,0.4268308284286555,0.18789300405353548,0,0.0
3.069000000000061,3.069000000000061,-0.85,0.06735916221128263,0.11049596432853047,0.42683082842865455,0.18784910887840228,0,0.0
3.078000000000061,3.078000000000061,-0.85,0.06743408448713091,0.1107607449358101,0.42683082842865494,0.187805298187976,0,0.0
3.0870000000000615,3.0870000000000615,-0.85,0.06750897696947777,0.11102462194035799,0.4268308284286547,0.18776157178544736,0,0.0
3.096000000000062,3.096000000000062,-0.85,0.06758383903345659,0.11128759920127493,0.4268308284286546,0.18771792947448815,0,0.0
3.105000000000062,3.105000000000062,-0.85,0.06765867005956623,0.11154968055955725,0.4268308284286544,0.18767437105923845,0,0.0
3.1140000000000625,3.1140000000000625,-0.85,0.06773346943363627,0.11181086983818642,0.4268308284286542,0.1876308963443269,0,0.0
3.123000000000063,3.123000000000063,-0.85,0.06780823654679248,0.11207117084221857,0.42683082842865483,0.1875875051348451,0,0.0
3.132000000000063,3.132000000000063,-0.85,0.0678829707954225,0.11233058735887379,0.42683082842865494,0.18754419723635843,0,0.0
3.1410000000000635,3.1410000000000635,-0.85,0.06795767158114191,0.11258912315762483,0.4268308284286553,0.18750097245490735,0,0.0
3.150000000000064,3.150000000000064,-0.85,0.06803233831076014,0.11284678199028467,0.4268308284286547,0.1874578305970007,0,0.0
3.159000000000064,3.159000000000064,-0.85,0.06810697039624676,0.11310356759109416,0.4268308284286547,0.18741477146961127,0,0.0
3.1680000000000645,3.1680000000000645,-0.85,0.06818156725469819,0.11335948367681017,0.4268308284286546,0.18737179488018518,0,0.0
3.177000000000065,3.177000000000065,-0.85,0.0682561283083041,0.11361453394679133,0.4268308284286553,0.18732890063662966,0,0.0
3.1860000000000652,3.1860000000000652,-0.85,0.06833065298431464,0.11386872208308442,0.42683082842865505,0.187286088547316,0,0.0
3.1950000000000656,3.1950000000000656,-0.85,0.06840514071500699,0.1141220517505107,0.4268308284286545,0.18724335842108128,0,0.0
3.204000000000066,3.204000000000066,-0.85,0.06847959093765342,0.11437452659675076,0.42683082842865516,0.18720071006722283,0,0.0
3.2130000000000662,3.2130000000000662,-0.85,0.06855400309448832,0.11462615025242993,0.4268308284286549,0.18715814329549457,0,0.0
3.2220000000000666,3.2220000000000666,-0.85,0.06862837663267592,0.11487692633120263,0.4268308284286553,0.18711565791611276,0,0.0
3.231000000000067,3.231000000000067,-0.85,0.0687027110042782,0.11512685842983636,0.42683082842865483,0.1870732537397518,0,0.0
3.2400000000000673,3.2400000000000673,-0.85,0.06877700566622327,0.11537595012829546,0.42683082842865466,0.1870309305775359,0,0.0
3.2490000000000676,3.2490000000000676,-0.85,0.06885126008027305,0.11562420498982376,0.4268308284286547,0.18698868824105275,0,0.0
3.258000000000068,3.258000000000068,-0.85,0.06892547371299226,0.1158716265610282,0.4268308284286546,0.18694652654233437,0,0.0
3.2670000000000683,3.2670000000000683,-0.85,0.06899964603571702,0.11611821837196065,0.4268308284286546,0.18690444529387598,0,0.0
3.2760000000000686,3.2760000000000686,-0.85,0.0690737765245233,0.11636398393619997,0.42683082842865505,0.18686244430861224,0,0.0
3.285000000000069,3.285000000000069,-0.85,0.06914786466019644,0.11660892675093333,0.42683082842865483,0.18682052339993216,0,0.0
3.2940000000000693,3.2940000000000693,-0.85,0.0692219099282001,0.11685305029703755,0.42683082842865405,0.18677868238167297,0,0.0
3.3030000000000697,3.3030000000000697,-0.85,0.06929591181864567,0.11709635803915944,0.4268308284286544,0.18673692106812156,0,0.0
3.31200000000007,3.31200000000007,-0.85,0.06936986982626202,0.11733885342579607,0.4268308284286557,0.18669523927400475,0,0.0
3.3210000000000703,3.3210000000000703,-0.85,0.06944378345036518,0.11758053988937503,0.42683082842865494,0.18665363681449545,0,0.0
3.3300000000000707,3.3300000000000707,-0.85,0.06951765219482811,0.11782142084633289,0.4268308284286544,0.1866121135052132,0,0.0
3.339000000000071,3.339000000000071,-0.85,0.06959147556805127,0.1180614996971952,0.4268308284286553,0.1865706691622142,0,0.0
3.3480000000000714,3.3480000000000714,-0.85,0.06966525308293249,0.11830077982665417,0.4268308284286545,0.18652930360199982,0,0.0
3.3570000000000717,3.3570000000000717,-0.85,0.06973898425683771,0.11853926460364783,0.42683082842865494,0.1864880166415068,0,0.0
3.366000000000072,3.366000000000072,-0.85,0.06981266861157175,0.11877695738143683,0.4268308284286549,0.18644680809811515,0,0.0
3.3750000000000724,3.3750000000000724,-0.85,0.0698863056733489,0.1190138614976821,0.4268308284286551,0.18640567778963485,0,0.0
3.3840000000000727,3.3840000000000727,-0.85,0.06995989497276414,0.11924998027452226,0.42683082842865483,0.18636462553431643,0,0.0
3.393000000000073,3.393000000000073,-0.85,0.07003343604476427,0.11948531701864919,0.4268308284286557,0.18632365115084534,0,0.0
3.4020000000000734,3.4020000000000734,-0.85,0.07010692842861926,0.11971987502138551,0.42683082842865494,0.18628275445833273,0,0.0
3.4110000000000738,3.4110000000000738,-0.85,0.07018037166789384,0.11995365755875922,0.42683082842865544,0.1862419352763332,0,0.0
3.420000000000074,3.420000000000074,-0.85,0.07025376531041931,0.12018666789157965,0.42683082842865483,0.18620119342482125,0,0.0
3.4290000000000744,3.4290000000000744,-0.85,0.07032710890826524,0.12041890926551232,0.4268308284286556,0.18616052872420988,0,0.0
3.4380000000000748,3.4380000000000748,-0.85,0.0704004020177117,0.12065038491115339,0.42683082842865505,0.18611994099533388,0,0.0
3.447000000000075,3.447000000000075,-0.85,0.07047364419922136,0.12088109804410409,0.4268308284286547,0.1860794300594595,0,0.0
3.4560000000000755,3.4560000000000755,-0.85,0.07054683501741203,0.1211110518650445,0.4268308284286544,0.18603899573827362,0,0.0
3.465000000000076,3.465000000000076,-0.85,0.07061997404102922,0.12134024955980692,0.4268308284286564,0.1859986378538966,0,0.0
3.474000000000076,3.474000000000076,-0.85,0.07069306084291865,0.12156869429944898,0.42683082842865483,0.18595835622886134,0,0.0
3.4830000000000765,3.4830000000000765,-0.85,0.07076609499999942,0.12179638924032622,0.4268308284286547,0.18591815068613382,0,0.0
3.492000000000077,3.492000000000077,-0.85,0.07083907609323702,0.12202333752416465,0.42683082842865483,0.18587802104909448,0,0.0
3.501000000000077,3.501000000000077,-0.85,0.07091200370761627,0.12224954227813274,0.4268308284286563,0.18583796714154888,0,0.0
